-- --------------------------------------------------------
-- Host:                         127.0.0.1
-- Versi server:                 8.0.30 - MySQL Community Server - GPL
-- OS Server:                    Win64
-- HeidiSQL Versi:               12.1.0.6537
-- --------------------------------------------------------

/*!40101 SET @OLD_CHARACTER_SET_CLIENT=@@CHARACTER_SET_CLIENT */;
/*!40101 SET NAMES utf8 */;
/*!50503 SET NAMES utf8mb4 */;
/*!40103 SET @OLD_TIME_ZONE=@@TIME_ZONE */;
/*!40103 SET TIME_ZONE='+00:00' */;
/*!40014 SET @OLD_FOREIGN_KEY_CHECKS=@@FOREIGN_KEY_CHECKS, FOREIGN_KEY_CHECKS=0 */;
/*!40101 SET @OLD_SQL_MODE=@@SQL_MODE, SQL_MODE='NO_AUTO_VALUE_ON_ZERO' */;
/*!40111 SET @OLD_SQL_NOTES=@@SQL_NOTES, SQL_NOTES=0 */;


-- Membuang struktur basisdata untuk tuws_pws
CREATE DATABASE IF NOT EXISTS `tuws_pws` /*!40100 DEFAULT CHARACTER SET utf8mb4 COLLATE utf8mb4_unicode_ci */ /*!80016 DEFAULT ENCRYPTION='N' */;
USE `tuws_pws`;

-- membuang struktur untuk table tuws_pws.alembic_version
CREATE TABLE IF NOT EXISTS `alembic_version` (
  `version_num` varchar(32) COLLATE utf8mb4_unicode_ci NOT NULL,
  PRIMARY KEY (`version_num`)
) ENGINE=InnoDB DEFAULT CHARSET=utf8mb4 COLLATE=utf8mb4_unicode_ci;

-- Membuang data untuk tabel tuws_pws.alembic_version: ~1 rows (lebih kurang)
INSERT INTO `alembic_version` (`version_num`) VALUES
	('3c6186c4fee7');

-- membuang struktur untuk table tuws_pws.label
CREATE TABLE IF NOT EXISTS `label` (
  `id` int NOT NULL AUTO_INCREMENT,
  `name` varchar(255) COLLATE utf8mb4_unicode_ci NOT NULL,
  PRIMARY KEY (`id`),
  UNIQUE KEY `name` (`name`)
) ENGINE=InnoDB AUTO_INCREMENT=10 DEFAULT CHARSET=utf8mb4 COLLATE=utf8mb4_unicode_ci;

-- Membuang data untuk tabel tuws_pws.label: ~9 rows (lebih kurang)
INSERT INTO `label` (`id`, `name`) VALUES
	(8, 'Berpotensi Hujan dari Arah Barat'),
	(7, 'Berpotensi Hujan dari Arah Barat Daya'),
	(9, 'Berpotensi Hujan dari Arah Barat Laut'),
	(6, 'Berpotensi Hujan dari Arah Selatan'),
	(5, 'Berpotensi Hujan dari Arah Tenggara'),
	(4, 'Berpotensi Hujan dari Arah Timur'),
	(3, 'Berpotensi Hujan dari Arah Timur Laut'),
	(2, 'Berpotensi Hujan dari Arah Utara'),
	(1, 'Cerah / Berawan');

-- membuang struktur untuk table tuws_pws.model
CREATE TABLE IF NOT EXISTS `model` (
  `id` int NOT NULL AUTO_INCREMENT,
  `name` varchar(255) COLLATE utf8mb4_unicode_ci NOT NULL,
  `range_prediction` int NOT NULL,
  PRIMARY KEY (`id`),
  UNIQUE KEY `name` (`name`)
) ENGINE=InnoDB AUTO_INCREMENT=2 DEFAULT CHARSET=utf8mb4 COLLATE=utf8mb4_unicode_ci;

-- Membuang data untuk tabel tuws_pws.model: ~1 rows (lebih kurang)
INSERT INTO `model` (`id`, `name`, `range_prediction`) VALUES
	(1, 'default_xgboost', 60);

-- membuang struktur untuk table tuws_pws.prediction_log
CREATE TABLE IF NOT EXISTS `prediction_log` (
  `id` int NOT NULL AUTO_INCREMENT,
  `weather_log_wunderground_id` int DEFAULT NULL,
  `weather_log_ecowitt_id` int DEFAULT NULL,
  `model_id` int NOT NULL,
  `ecowitt_prediction_result` int DEFAULT NULL,
  `wunderground_prediction_result` int DEFAULT NULL,
  `created_at` datetime DEFAULT (now()),
  PRIMARY KEY (`id`),
  KEY `ecowitt_prediction_result` (`ecowitt_prediction_result`),
  KEY `model_id` (`model_id`),
  KEY `weather_log_ecowitt_id` (`weather_log_ecowitt_id`),
  KEY `weather_log_wunderground_id` (`weather_log_wunderground_id`),
  KEY `wunderground_prediction_result` (`wunderground_prediction_result`),
  CONSTRAINT `prediction_log_ibfk_1` FOREIGN KEY (`ecowitt_prediction_result`) REFERENCES `label` (`id`),
  CONSTRAINT `prediction_log_ibfk_2` FOREIGN KEY (`model_id`) REFERENCES `model` (`id`),
  CONSTRAINT `prediction_log_ibfk_3` FOREIGN KEY (`weather_log_ecowitt_id`) REFERENCES `weather_log_ecowitt` (`id`),
  CONSTRAINT `prediction_log_ibfk_4` FOREIGN KEY (`weather_log_wunderground_id`) REFERENCES `weather_log_wunderground` (`id`),
  CONSTRAINT `prediction_log_ibfk_5` FOREIGN KEY (`wunderground_prediction_result`) REFERENCES `label` (`id`)
) ENGINE=InnoDB AUTO_INCREMENT=50 DEFAULT CHARSET=utf8mb4 COLLATE=utf8mb4_unicode_ci;

-- Membuang data untuk tabel tuws_pws.prediction_log: ~49 rows (lebih kurang)
INSERT INTO `prediction_log` (`id`, `weather_log_wunderground_id`, `weather_log_ecowitt_id`, `model_id`, `ecowitt_prediction_result`, `wunderground_prediction_result`, `created_at`) VALUES
	(1, 1, 1, 1, 1, 1, '2025-11-07 03:50:27'),
	(2, 2, 2, 1, 1, 1, '2025-11-07 03:55:27'),
	(3, 3, 3, 1, 1, 1, '2025-11-07 04:00:28'),
	(4, 4, 4, 1, 1, 1, '2025-11-07 04:05:27'),
	(5, 5, 5, 1, 1, 1, '2025-11-07 04:10:27'),
	(6, 6, 6, 1, 1, 1, '2025-11-07 04:15:27'),
	(7, 7, 7, 1, 1, 1, '2025-11-07 04:20:27'),
	(8, 8, 8, 1, 1, 1, '2025-11-09 14:51:31'),
	(9, 9, 9, 1, 1, 1, '2025-11-09 14:56:31'),
	(10, 10, 10, 1, 9, 1, '2025-11-09 15:06:35'),
	(11, 11, 11, 1, 1, 1, '2025-11-09 15:11:35'),
	(12, 12, 12, 1, 1, 1, '2025-11-09 15:16:35'),
	(13, 13, 13, 1, 1, 1, '2025-11-09 15:21:35'),
	(14, 14, 14, 1, 1, 1, '2025-11-09 15:26:38'),
	(15, 15, 15, 1, 1, 1, '2025-11-09 15:31:39'),
	(16, 16, 16, 1, 1, 1, '2025-11-09 15:36:36'),
	(17, 17, 17, 1, 1, 1, '2025-11-09 15:41:35'),
	(18, 18, 18, 1, 2, 2, '2025-11-09 15:46:36'),
	(19, 19, 19, 1, 3, 3, '2025-11-09 15:51:35'),
	(20, 20, 20, 1, 1, 2, '2025-11-09 15:56:35'),
	(21, 21, 21, 1, 1, 1, '2025-11-09 16:01:35'),
	(22, 22, 22, 1, 2, 1, '2025-11-09 16:06:37'),
	(23, 23, 23, 1, 1, 9, '2025-11-09 16:11:35'),
	(24, 24, 24, 1, 1, 1, '2025-11-09 16:16:35'),
	(25, 25, 25, 1, 1, 1, '2025-11-09 16:21:35'),
	(26, 26, 26, 1, 1, 1, '2025-11-09 16:26:35'),
	(27, 27, 27, 1, 1, 1, '2025-11-09 16:31:35'),
	(28, 28, 28, 1, 1, 1, '2025-11-09 16:36:35'),
	(29, 29, 29, 1, 1, 1, '2025-11-09 16:41:35'),
	(30, 30, 30, 1, 1, 1, '2025-11-09 16:46:35'),
	(31, 31, 31, 1, 1, 1, '2025-11-09 16:51:35'),
	(32, 32, 32, 1, 1, 1, '2025-11-09 16:56:35'),
	(33, 33, 33, 1, 1, 1, '2025-11-09 17:01:35'),
	(34, 34, 34, 1, 1, 1, '2025-11-09 17:06:35'),
	(35, 35, 35, 1, 1, 1, '2025-11-09 17:11:35'),
	(36, 36, 36, 1, 1, 1, '2025-11-09 17:16:35'),
	(37, 37, 37, 1, 1, 1, '2025-11-09 17:21:35'),
	(38, 38, 38, 1, 1, 1, '2025-11-09 17:26:35'),
	(39, 39, 39, 1, 1, 1, '2025-11-09 17:31:34'),
	(40, 40, 40, 1, 1, 1, '2025-11-09 17:46:35'),
	(41, 41, 41, 1, 1, 1, '2025-11-09 17:51:35'),
	(42, 42, 42, 1, 1, 1, '2025-11-09 17:56:35'),
	(43, 43, 43, 1, 1, 1, '2025-11-09 18:01:35'),
	(44, 44, 44, 1, 1, 1, '2025-11-10 02:10:29'),
	(45, 45, 45, 1, 1, 1, '2025-11-10 02:15:28'),
	(46, 46, 46, 1, 1, 1, '2025-11-10 02:20:28'),
	(47, 47, 47, 1, 1, 1, '2025-11-10 02:25:28'),
	(48, 48, 48, 1, 1, 1, '2025-11-10 02:30:32'),
	(49, 49, 49, 1, 1, 1, '2025-11-10 02:35:28');

-- membuang struktur untuk table tuws_pws.weather_log_ecowitt
CREATE TABLE IF NOT EXISTS `weather_log_ecowitt` (
  `id` int NOT NULL AUTO_INCREMENT,
  `vpd_outdoor` float DEFAULT NULL,
  `temperature_main_outdoor` float DEFAULT NULL,
  `temperature_feels_like_outdoor` float DEFAULT NULL,
  `temperature_apparent_outdoor` float DEFAULT NULL,
  `dew_point_outdoor` float DEFAULT NULL,
  `humidity_outdoor` float DEFAULT NULL,
  `temperature_main_indoor` float DEFAULT NULL,
  `temperature_feels_like_indoor` float DEFAULT NULL,
  `temperature_apparent_indoor` float DEFAULT NULL,
  `dew_point_indoor` float DEFAULT NULL,
  `humidity_indoor` float DEFAULT NULL,
  `solar_irradiance` float DEFAULT NULL,
  `uvi` float DEFAULT NULL,
  `rain_rate` float DEFAULT NULL,
  `rain_daily` float DEFAULT NULL,
  `rain_event` float DEFAULT NULL,
  `rain_hour` float DEFAULT NULL,
  `rain_weekly` float DEFAULT NULL,
  `rain_monthly` float DEFAULT NULL,
  `rain_yearly` float DEFAULT NULL,
  `wind_speed` float DEFAULT NULL,
  `wind_gust` float DEFAULT NULL,
  `wind_direction` float DEFAULT NULL,
  `pressure_relative` float DEFAULT NULL,
  `pressure_absolute` float DEFAULT NULL,
  `battery_sensor_array` float DEFAULT NULL,
  `request_time` datetime NOT NULL,
  `created_at` datetime DEFAULT (now()),
  PRIMARY KEY (`id`)
) ENGINE=InnoDB AUTO_INCREMENT=50 DEFAULT CHARSET=utf8mb4 COLLATE=utf8mb4_unicode_ci;

-- Membuang data untuk tabel tuws_pws.weather_log_ecowitt: ~49 rows (lebih kurang)
INSERT INTO `weather_log_ecowitt` (`id`, `vpd_outdoor`, `temperature_main_outdoor`, `temperature_feels_like_outdoor`, `temperature_apparent_outdoor`, `dew_point_outdoor`, `humidity_outdoor`, `temperature_main_indoor`, `temperature_feels_like_indoor`, `temperature_apparent_indoor`, `dew_point_indoor`, `humidity_indoor`, `solar_irradiance`, `uvi`, `rain_rate`, `rain_daily`, `rain_event`, `rain_hour`, `rain_weekly`, `rain_monthly`, `rain_yearly`, `wind_speed`, `wind_gust`, `wind_direction`, `pressure_relative`, `pressure_absolute`, `battery_sensor_array`, `request_time`, `created_at`) VALUES
	(1, 0.734, 32.1, 34.1, 34.7, 19.7, 48, 22.4, 22.4, 23.2, 12.6, 54, 594.7, 5, 0, 0, 2.1, 0, 4.9, 92, 448.9, 1.4, 2, 308, 1011.6, 933.9, 0, '2025-11-07 03:50:27', '2025-11-07 03:50:27'),
	(2, 0.738, 32.2, 34.3, 34.4, 19.8, 48, 22.4, 22.4, 23.2, 12.6, 54, 830.1, 8, 0, 0, 2.1, 0, 4.9, 92, 448.9, 1.9, 2.6, 301, 1011.5, 933.8, 0, '2025-11-07 03:55:27', '2025-11-07 03:55:27'),
	(3, 0.728, 32.3, 34.6, 35.4, 20.2, 49, 22.5, 22.5, 23.3, 12.4, 53, 818.2, 7, 0, 0, 2.1, 0, 4.9, 92, 448.9, 1, 1.5, 180, 1011.5, 933.8, 0, '2025-11-07 04:00:28', '2025-11-07 04:00:28'),
	(4, 0.741, 32.6, 35.3, 36.1, 20.5, 49, 22.5, 22.5, 23.3, 12.4, 53, 801.9, 7, 0, 0, 2.1, 0, 4.9, 92, 448.9, 0.6, 1, 312, 1011.5, 933.8, 0, '2025-11-07 04:05:27', '2025-11-07 04:05:27'),
	(5, 0.728, 32.3, 34.6, 35.4, 20.2, 49, 22.6, 22.6, 23.4, 12.6, 53, 822.4, 8, 0, 0, 2.1, 0, 4.9, 92, 448.9, 1, 1, 339, 1011.4, 933.7, 0, '2025-11-07 04:10:27', '2025-11-07 04:10:27'),
	(6, 0.722, 32.5, 35.3, 35.8, 20.7, 50, 22.6, 22.6, 23.4, 12.6, 53, 857.2, 8, 0, 0, 2.1, 0, 4.9, 92, 448.9, 1, 1.5, 326, 1011.4, 933.7, 0, '2025-11-07 04:15:27', '2025-11-07 04:15:27'),
	(7, 0.706, 32.1, 34.6, 34.8, 20.4, 50, 22.6, 22.6, 23.4, 12.6, 53, 844, 8, 0, 0, 2.1, 0, 4.9, 92, 448.9, 1.7, 3.1, 273, 1011.3, 933.6, 0, '2025-11-07 04:20:27', '2025-11-07 04:20:27'),
	(8, 0.237, 24.6, 24.6, 27.6, 19.7, 74, 27.4, 27.4, 30.8, 19.4, 62, 0, 0, 0, 0, 0, 0, 17.1, 104.2, 461.1, 0.8, 1, 283, 1013.7, 936, 0, '2025-11-09 14:51:31', '2025-11-09 14:51:31'),
	(9, 0.236, 24.5, 24.5, 27.8, 19.6, 74, 27.3, 27.3, 30.7, 19.4, 62, 0, 0, 0, 0, 0, 0, 17.1, 104.2, 461.1, 0.3, 1, 267, 1013.7, 936, 0, '2025-11-09 14:56:30', '2025-11-09 14:56:30'),
	(10, 0.214, 24.2, 24.2, 27.2, 19.7, 76, 27.3, 27.3, 30.8, 19.6, 63, 0, 0, 0, 0, 0, 0, 17.1, 104.2, 461.1, 0.8, 1.5, 313, 1013.8, 936.1, 0, '2025-11-09 15:06:35', '2025-11-09 15:06:35'),
	(11, 0.203, 24, 24, 26.8, 19.7, 77, 27.2, 27.2, 30.7, 19.6, 63, 0, 0, 0, 0, 0, 0, 17.1, 104.2, 461.1, 1.1, 2, 300, 1014, 936.3, 0, '2025-11-09 15:11:35', '2025-11-09 15:11:35'),
	(12, 0.192, 23.8, 23.8, 26.7, 19.7, 78, 27.2, 27.2, 30.7, 19.6, 63, 0, 0, 0, 0, 0, 0, 17.1, 104.2, 461.1, 1, 1.5, 232, 1013.7, 936, 0, '2025-11-09 15:16:35', '2025-11-09 15:16:35'),
	(13, 0.19, 23.7, 23.7, 26.4, 19.7, 78, 27.3, 27.3, 30.8, 19.6, 63, 0, 0, 0, 0, 0, 0, 17.1, 104.2, 461.1, 1.2, 1.5, 335, 1013.7, 936, 0, '2025-11-09 15:21:35', '2025-11-09 15:21:35'),
	(14, 0.178, 23.4, 23.4, 26.7, 19.6, 79, 27.2, 27.2, 30.7, 19.6, 63, 0, 0, 0, 0, 0, 0, 17.1, 104.2, 461.1, 0.2, 0.5, 191, 1013.6, 935.9, 0, '2025-11-09 15:26:38', '2025-11-09 15:26:38'),
	(15, 0.169, 23.3, 23.3, 26.3, 19.6, 80, 27.2, 27.2, 30.7, 19.6, 63, 0, 0, 0, 0, 0, 0, 17.1, 104.2, 461.1, 0.8, 1, 282, 1013.6, 935.9, 0, '2025-11-09 15:31:38', '2025-11-09 15:31:38'),
	(16, 0.169, 23.3, 23.3, 26.8, 19.6, 80, 27.2, 27.2, 30.7, 19.6, 63, 0, 0, 0, 0, 0, 0, 17.1, 104.2, 461.1, 0.1, 0.5, 325, 1013.4, 935.7, 0, '2025-11-09 15:36:36', '2025-11-09 15:36:36'),
	(17, 0.169, 23.3, 23.3, 26.8, 19.6, 80, 27.2, 27.2, 30.7, 19.6, 63, 0, 0, 0, 0, 0, 0, 17.1, 104.2, 461.1, 0, 0, 302, 1013.6, 935.9, 0, '2025-11-09 15:41:35', '2025-11-09 15:41:35'),
	(18, 0.169, 23.3, 23.3, 26.1, 19.6, 80, 27.1, 27.1, 30.6, 19.4, 63, 0, 0, 0, 0, 0, 0, 17.1, 104.2, 461.1, 1, 1, 13, 1013.3, 935.6, 0, '2025-11-09 15:46:36', '2025-11-09 15:46:36'),
	(19, 0.169, 23.3, 23.3, 26.6, 19.6, 80, 27.1, 27.1, 30.6, 19.4, 63, 0, 0, 0, 0, 0, 0, 17.1, 104.2, 461.1, 0.4, 1, 30, 1013.2, 935.5, 0, '2025-11-09 15:51:35', '2025-11-09 15:51:35'),
	(20, 0.169, 23.3, 23.3, 26.4, 19.6, 80, 27.1, 27.1, 30.6, 19.4, 63, 0, 0, 0, 0, 0, 0, 17.1, 104.2, 461.1, 0.6, 1, 348, 1013.5, 935.8, 0, '2025-11-09 15:56:35', '2025-11-09 15:56:35'),
	(21, 0.169, 23.3, 23.3, 26.8, 19.6, 80, 27.1, 27.1, 30.6, 19.4, 63, 0, 0, 0, 0, 0, 0, 17.1, 104.2, 461.1, 0, 0, 312, 1013.4, 935.7, 0, '2025-11-09 16:01:35', '2025-11-09 16:01:35'),
	(22, 0.169, 23.3, 23.3, 26.8, 19.6, 80, 27.1, 27.1, 30.6, 19.4, 63, 0, 0, 0, 0, 0, 0, 17.1, 104.2, 461.1, 0, 0, 12, 1013.3, 935.6, 0, '2025-11-09 16:06:37', '2025-11-09 16:06:37'),
	(23, 0.178, 23.4, 23.4, 26.6, 19.6, 79, 27, 27, 30.4, 19.4, 63, 0, 0, 0, 0, 0, 0, 17.1, 104.2, 461.1, 0.5, 0.5, 338, 1013.4, 935.7, 0, '2025-11-09 16:11:35', '2025-11-09 16:11:35'),
	(24, 0.178, 23.4, 23.4, 26.6, 19.6, 79, 27, 27, 30.4, 19.4, 63, 0, 0, 0, 0, 0, 0, 17.1, 104.2, 461.1, 0.4, 1, 11, 1013.2, 935.5, 0, '2025-11-09 16:16:35', '2025-11-09 16:16:35'),
	(25, 0.178, 23.4, 23.4, 26.9, 19.6, 79, 27, 27, 30.4, 19.4, 63, 0, 0, 0, 0, 0, 0, 17.1, 104.2, 461.1, 0, 0, 343, 1013.1, 935.4, 0, '2025-11-09 16:21:35', '2025-11-09 16:21:35'),
	(26, 0.178, 23.4, 23.4, 26.9, 19.6, 79, 27, 27, 30.4, 19.4, 63, 0, 0, 0, 0, 0, 0, 17.1, 104.2, 461.1, 0, 0, 274, 1013.1, 935.4, 0, '2025-11-09 16:26:35', '2025-11-09 16:26:35'),
	(27, 0.178, 23.4, 23.4, 26.9, 19.6, 79, 27, 27, 30.4, 19.4, 63, 0, 0, 0, 0, 0, 0, 17.1, 104.2, 461.1, 0, 0, 273, 1013, 935.3, 0, '2025-11-09 16:31:35', '2025-11-09 16:31:35'),
	(28, 0.178, 23.4, 23.4, 26.9, 19.6, 79, 27, 27, 30.4, 19.4, 63, 0, 0, 0, 0, 0, 0, 17.1, 104.2, 461.1, 0, 0, 348, 1013, 935.3, 0, '2025-11-09 16:36:35', '2025-11-09 16:36:35'),
	(29, 0.17, 23.4, 23.4, 27, 19.7, 80, 27, 27, 30.5, 19.6, 64, 0, 0, 0, 0, 0, 0, 17.1, 104.2, 461.1, 0, 0, 348, 1012.8, 935.1, 0, '2025-11-09 16:41:35', '2025-11-09 16:41:35'),
	(30, 0.178, 23.4, 23.4, 26.9, 19.6, 79, 27, 27, 30.5, 19.6, 64, 0, 0, 0, 0, 0, 0, 17.1, 104.2, 461.1, 0, 0, 347, 1012.8, 935.1, 0, '2025-11-09 16:46:35', '2025-11-09 16:46:35'),
	(31, 0.17, 23.4, 23.4, 27, 19.7, 80, 26.9, 26.9, 30.4, 19.5, 64, 0, 0, 0, 0, 0, 0, 17.1, 104.2, 461.1, 0, 0, 347, 1012.6, 934.9, 0, '2025-11-09 16:51:35', '2025-11-09 16:51:35'),
	(32, 0.17, 23.4, 23.4, 27, 19.7, 80, 27, 27, 30.5, 19.6, 64, 0, 0, 0, 0, 0, 0, 17.1, 104.2, 461.1, 0, 0, 190, 1012.5, 934.8, 0, '2025-11-09 16:56:35', '2025-11-09 16:56:35'),
	(33, 0.178, 23.4, 23.4, 26.6, 19.6, 79, 27, 27, 30.5, 19.6, 64, 0, 0, 0, 0, 0, 0, 0, 104.2, 461.1, 0.5, 0.5, 177, 1012.6, 934.9, 0, '2025-11-09 17:01:35', '2025-11-09 17:01:35'),
	(34, 0.17, 23.4, 23.4, 26.9, 19.7, 80, 26.9, 26.9, 30.4, 19.5, 64, 0, 0, 0, 0, 0, 0, 0, 104.2, 461.1, 0.1, 0.5, 177, 1012.8, 935.1, 0, '2025-11-09 17:06:35', '2025-11-09 17:06:35'),
	(35, 0.178, 23.4, 23.4, 26.7, 19.6, 79, 26.9, 26.9, 30.4, 19.5, 64, 0, 0, 0, 0, 0, 0, 0, 104.2, 461.1, 0.2, 0.5, 172, 1012.6, 934.9, 0, '2025-11-09 17:11:35', '2025-11-09 17:11:35'),
	(36, 0.169, 23.3, 23.3, 26.5, 19.6, 80, 26.9, 26.9, 30.4, 19.5, 64, 0, 0, 0, 0, 0, 0, 0, 104.2, 461.1, 0.5, 0.5, 181, 1012.1, 934.4, 0, '2025-11-09 17:16:35', '2025-11-09 17:16:35'),
	(37, 0.16, 23.2, 23.2, 26.5, 19.8, 81, 26.9, 26.9, 30.4, 19.5, 64, 0, 0, 0, 0, 0, 0, 0, 104.2, 461.1, 0.4, 0.5, 162, 1012.1, 934.4, 0, '2025-11-09 17:21:35', '2025-11-09 17:21:35'),
	(38, 0.16, 23.2, 23.2, 26.5, 19.8, 81, 26.9, 26.9, 30.4, 19.5, 64, 0, 0, 0, 0, 0, 0, 0, 104.2, 461.1, 0.4, 0.5, 185, 1012.3, 934.6, 0, '2025-11-09 17:26:35', '2025-11-09 17:26:35'),
	(39, 0.16, 23.2, 23.2, 26.7, 19.8, 81, 26.9, 26.9, 30.4, 19.5, 64, 0, 0, 0, 0, 0, 0, 0, 104.2, 461.1, 0.1, 0.5, 195, 1012.1, 934.4, 0, '2025-11-09 17:31:34', '2025-11-09 17:31:34'),
	(40, 0.149, 23, 23, 26.6, 19.8, 82, 26.9, 26.9, 30.4, 19.5, 64, 0, 0, 0, 0, 0, 0, 0, 104.2, 461.1, 0, 0, 198, 1012.2, 934.5, 0, '2025-11-09 17:46:35', '2025-11-09 17:46:35'),
	(41, 0.149, 23, 23, 26.6, 19.8, 82, 26.9, 26.9, 30.4, 19.5, 64, 0, 0, 0, 0, 0, 0, 0, 104.2, 461.1, 0, 0, 245, 1012.1, 934.4, 0, '2025-11-09 17:51:35', '2025-11-09 17:51:35'),
	(42, 0.149, 23, 23, 26.3, 19.8, 82, 26.9, 26.9, 30.4, 19.5, 64, 0, 0, 0, 0, 0, 0, 0, 104.2, 461.1, 0.4, 0.5, 214, 1012.1, 934.4, 0, '2025-11-09 17:56:35', '2025-11-09 17:56:35'),
	(43, 0.14, 22.9, 22.9, 26.4, 19.8, 83, 26.9, 26.9, 30.4, 19.5, 64, 0, 0, 0, 0, 0, 0, 0, 104.2, 461.1, 0.1, 0.5, 210, 1012.4, 934.7, 0, '2025-11-09 18:01:35', '2025-11-09 18:01:35'),
	(44, 0.573, 29.9, 31.6, 32.3, 19.6, 54, 23.8, 23.8, 25.6, 15.6, 60, 563, 5, 0, 0, 0, 0, 0, 104.2, 461.1, 1.5, 1.5, 273, 1012.9, 935.2, 0, '2025-11-10 02:10:29', '2025-11-10 02:10:29'),
	(45, 0.602, 30.4, 32.2, 33.3, 19.7, 53, 23.7, 23.7, 25.5, 15.5, 60, 633.6, 6, 0, 0, 0, 0, 0, 104.2, 461.1, 1, 1.5, 304, 1013, 935.3, 0, '2025-11-10 02:15:28', '2025-11-10 02:15:28'),
	(46, 0.652, 30.7, 32.2, 33.6, 19.1, 50, 23.6, 23.6, 25.3, 15.1, 59, 662.4, 6, 0, 0, 0, 0, 0, 104.2, 461.1, 0.5, 0.5, 328, 1012.7, 935, 0, '2025-11-10 02:20:28', '2025-11-10 02:20:28'),
	(47, 0.65, 31, 32.8, 34, 19.7, 51, 23.4, 23.4, 25, 14.9, 59, 654.3, 6, 0, 0, 0, 0, 0, 104.2, 461.1, 0.8, 1, 23, 1012.9, 935.2, 0, '2025-11-10 02:25:27', '2025-11-10 02:25:27'),
	(48, 0.69, 31, 32.2, 33.6, 18.7, 48, 23.3, 23.3, 24.8, 14.6, 58, 705.6, 6, 0, 0, 0, 0, 0, 104.2, 461.1, 0.8, 1, 236, 1012.7, 935, 0, '2025-11-10 02:30:32', '2025-11-10 02:30:32'),
	(49, 0.69, 31, 32.2, 32.7, 18.7, 48, 23.2, 23.2, 24.6, 14.5, 58, 715.8, 6, 0, 0, 0, 0, 0, 104.2, 461.1, 2, 2, 330, 1012.7, 935, 0, '2025-11-10 02:35:28', '2025-11-10 02:35:28');

-- membuang struktur untuk table tuws_pws.weather_log_wunderground
CREATE TABLE IF NOT EXISTS `weather_log_wunderground` (
  `id` int NOT NULL AUTO_INCREMENT,
  `solar_radiation` float DEFAULT NULL,
  `ultraviolet_radiation` float DEFAULT NULL,
  `humidity` float DEFAULT NULL,
  `temperature` float DEFAULT NULL,
  `pressure` float DEFAULT NULL,
  `wind_direction` float DEFAULT NULL,
  `wind_speed` float DEFAULT NULL,
  `wind_gust` float DEFAULT NULL,
  `precipitation_rate` float DEFAULT NULL,
  `precipitation_total` float DEFAULT NULL,
  `request_time` datetime NOT NULL,
  `created_at` datetime NOT NULL DEFAULT (now()),
  PRIMARY KEY (`id`)
) ENGINE=InnoDB AUTO_INCREMENT=50 DEFAULT CHARSET=utf8mb4 COLLATE=utf8mb4_unicode_ci;

-- Membuang data untuk tabel tuws_pws.weather_log_wunderground: ~49 rows (lebih kurang)
INSERT INTO `weather_log_wunderground` (`id`, `solar_radiation`, `ultraviolet_radiation`, `humidity`, `temperature`, `pressure`, `wind_direction`, `wind_speed`, `wind_gust`, `precipitation_rate`, `precipitation_total`, `request_time`, `created_at`) VALUES
	(1, 174.9, 1, 48, 32, 1011.62, 315, 3, 4, 0, 0, '2025-11-07 03:50:26', '2025-11-07 03:50:26'),
	(2, 824.5, 8, 49, 32, 1011.51, 280, 3, 4, 0, 0, '2025-11-07 03:55:26', '2025-11-07 03:55:26'),
	(3, 828.2, 8, 49, 32, 1011.51, 282, 1, 2, 0, 0, '2025-11-07 04:00:27', '2025-11-07 04:00:27'),
	(4, 847.1, 8, 49, 33, 1011.51, 295, 4, 5, 0, 0, '2025-11-07 04:05:26', '2025-11-07 04:05:26'),
	(5, 824.3, 8, 49, 32, 1011.41, 15, 3, 4, 0, 0, '2025-11-07 04:10:26', '2025-11-07 04:10:26'),
	(6, 857.2, 8, 50, 33, 1011.41, 326, 4, 5, 0, 0, '2025-11-07 04:15:27', '2025-11-07 04:15:27'),
	(7, 854.8, 8, 50, 32, 1011.41, 335, 6, 11, 0, 0, '2025-11-07 04:20:26', '2025-11-07 04:20:26'),
	(8, 0, 0, 74, 25, 1013.61, 315, 4, 5, 0, 0, '2025-11-09 14:51:30', '2025-11-09 14:51:30'),
	(9, 0, 0, 74, 24, 1013.72, 194, 2, 4, 0, 0, '2025-11-09 14:56:29', '2025-11-09 14:56:29'),
	(10, 0, 0, 76, 24, 1013.82, 278, 3, 5, 0, 0, '2025-11-09 15:06:34', '2025-11-09 15:06:34'),
	(11, 0, 0, 77, 24, 1013.99, 298, 2, 2, 0, 0, '2025-11-09 15:11:34', '2025-11-09 15:11:34'),
	(12, 0, 0, 78, 24, 1013.72, 224, 3, 4, 0, 0, '2025-11-09 15:16:34', '2025-11-09 15:16:34'),
	(13, 0, 0, 79, 24, 1013.72, 251, 4, 5, 0, 0, '2025-11-09 15:21:34', '2025-11-09 15:21:34'),
	(14, 0, 0, 79, 23, 1013.61, 282, 1, 2, 0, 0, '2025-11-09 15:26:37', '2025-11-09 15:26:37'),
	(15, 0, 0, 80, 23, 1013.61, 269, 3, 4, 0, 0, '2025-11-09 15:31:37', '2025-11-09 15:31:37'),
	(16, 0, 0, 80, 23, 1013.41, 351, 1, 2, 0, 0, '2025-11-09 15:36:34', '2025-11-09 15:36:34'),
	(17, 0, 0, 80, 23, 1013.61, 348, 3, 4, 0, 0, '2025-11-09 15:41:34', '2025-11-09 15:41:34'),
	(18, 0, 0, 80, 23, 1013.31, 14, 4, 4, 0, 0, '2025-11-09 15:46:34', '2025-11-09 15:46:34'),
	(19, 0, 0, 80, 23, 1013.41, 30, 1, 4, 0, 0, '2025-11-09 15:51:34', '2025-11-09 15:51:34'),
	(20, 0, 0, 80, 23, 1013.51, 0, 3, 4, 0, 0, '2025-11-09 15:56:34', '2025-11-09 15:56:34'),
	(21, 0, 0, 80, 23, 1013.41, 309, 0, 0, 0, 0, '2025-11-09 16:01:34', '2025-11-09 16:01:34'),
	(22, 0, 0, 79, 23, 1013.31, 31, 0, 2, 0, 0, '2025-11-09 16:06:34', '2025-11-09 16:06:34'),
	(23, 0, 0, 79, 23, 1013.41, 311, 1, 4, 0, 0, '2025-11-09 16:11:34', '2025-11-09 16:11:34'),
	(24, 0, 0, 79, 23, 1013.21, 338, 2, 4, 0, 0, '2025-11-09 16:16:34', '2025-11-09 16:16:34'),
	(25, 0, 0, 79, 23, 1013.11, 344, 0, 0, 0, 0, '2025-11-09 16:21:34', '2025-11-09 16:21:34'),
	(26, 0, 0, 79, 23, 1013.11, 273, 0, 0, 0, 0, '2025-11-09 16:26:34', '2025-11-09 16:26:34'),
	(27, 0, 0, 79, 23, 1013.11, 273, 0, 0, 0, 0, '2025-11-09 16:31:34', '2025-11-09 16:31:34'),
	(28, 0, 0, 80, 23, 1013, 348, 0, 0, 0, 0, '2025-11-09 16:36:34', '2025-11-09 16:36:34'),
	(29, 0, 0, 80, 23, 1012.8, 347, 0, 0, 0, 0, '2025-11-09 16:41:34', '2025-11-09 16:41:34'),
	(30, 0, 0, 79, 23, 1012.8, 347, 0, 0, 0, 0, '2025-11-09 16:46:34', '2025-11-09 16:46:34'),
	(31, 0, 0, 80, 23, 1012.8, 347, 0, 0, 0, 0, '2025-11-09 16:51:34', '2025-11-09 16:51:34'),
	(32, 0, 0, 80, 23, 1012.5, 190, 0, 0, 0, 0, '2025-11-09 16:56:34', '2025-11-09 16:56:34'),
	(33, 0, 0, 79, 23, 1012.6, 177, 1, 2, 0, 0, '2025-11-09 17:01:34', '2025-11-09 17:01:34'),
	(34, 0, 0, 79, 23, 1012.8, 177, 1, 2, 0, 0, '2025-11-09 17:06:34', '2025-11-09 17:06:34'),
	(35, 0, 0, 79, 23, 1012.6, 176, 0, 2, 0, 0, '2025-11-09 17:11:34', '2025-11-09 17:11:34'),
	(36, 0, 0, 80, 23, 1012.29, 181, 2, 2, 0, 0, '2025-11-09 17:16:34', '2025-11-09 17:16:34'),
	(37, 0, 0, 80, 23, 1012.09, 188, 2, 4, 0, 0, '2025-11-09 17:21:34', '2025-11-09 17:21:34'),
	(38, 0, 0, 81, 23, 1012.29, 189, 0, 2, 0, 0, '2025-11-09 17:26:34', '2025-11-09 17:26:34'),
	(39, 0, 0, 81, 23, 1012.09, 181, 1, 2, 0, 0, '2025-11-09 17:31:33', '2025-11-09 17:31:33'),
	(40, 0, 0, 82, 23, 1012.19, 198, 0, 0, 0, 0, '2025-11-09 17:46:34', '2025-11-09 17:46:34'),
	(41, 0, 0, 82, 23, 1012.09, 240, 0, 0, 0, 0, '2025-11-09 17:51:34', '2025-11-09 17:51:34'),
	(42, 0, 0, 82, 23, 1012.09, 211, 0, 0, 0, 0, '2025-11-09 17:56:34', '2025-11-09 17:56:34'),
	(43, 0, 0, 83, 23, 1012.39, 196, 0, 0, 0, 0, '2025-11-09 18:01:34', '2025-11-09 18:01:34'),
	(44, 609.5, 5, 54, 30, 1012.9, 235, 4, 5, 0, 0, '2025-11-10 02:10:27', '2025-11-10 02:10:27'),
	(45, 627.3, 6, 53, 31, 1012.8, 278, 2, 4, 0, 0, '2025-11-10 02:15:27', '2025-11-10 02:15:27'),
	(46, 666.8, 6, 50, 31, 1012.8, 85, 2, 4, 0, 0, '2025-11-10 02:20:27', '2025-11-10 02:20:27'),
	(47, 652.4, 6, 51, 31, 1012.9, 358, 4, 5, 0, 0, '2025-11-10 02:25:26', '2025-11-10 02:25:26'),
	(48, 708.1, 6, 48, 31, 1012.7, 224, 1, 2, 0, 0, '2025-11-10 02:30:31', '2025-11-10 02:30:31'),
	(49, 720.1, 7, 48, 31, 1012.7, 261, 4, 7, 0, 0, '2025-11-10 02:35:26', '2025-11-10 02:35:26');

/*!40103 SET TIME_ZONE=IFNULL(@OLD_TIME_ZONE, 'system') */;
/*!40101 SET SQL_MODE=IFNULL(@OLD_SQL_MODE, '') */;
/*!40014 SET FOREIGN_KEY_CHECKS=IFNULL(@OLD_FOREIGN_KEY_CHECKS, 1) */;
/*!40101 SET CHARACTER_SET_CLIENT=@OLD_CHARACTER_SET_CLIENT */;
/*!40111 SET SQL_NOTES=IFNULL(@OLD_SQL_NOTES, 1) */;
